model,engine,device,dtype,score_threshold,max_detections,map,map_50,map_75,map_small,map_medium,map_large,mar_100,inference_mean_ms,total_mean_ms,total_p50_ms,total_p95_ms,total_p99_ms,throughput_images_per_second
dfine-xlarge-obj2coco,transformers,auto,float32,0.001,,0.5930634140968323,0.7681646347045898,0.6462594866752625,0.4222305715084076,0.6421875357627869,0.7639903426170349,0.7725985050201416,37.155374445579945,40.795674298517405,40.77751457225531,42.2426673816517,42.702684968244284,24.512402777868584
dfine-large-obj2coco-e25,transformers,auto,float32,0.001,,0.5725304484367371,0.7487180829048157,0.6230852603912354,0.40541982650756836,0.6147238612174988,0.7365381717681885,0.7615076899528503,30.471836114721373,34.14208467798308,34.16392509825528,35.68447045981884,36.13339184317738,29.289365585952687
rf-detr-large,rf_detr,auto,float32,0.001,,0.5654885768890381,0.7516791820526123,0.6128427386283875,0.3889048993587494,0.6110643744468689,0.7404715418815613,0.7422177195549011,22.07604193049483,26.439844103949145,26.320014498196542,27.620074804872274,28.24167976155877,37.82170560720653
yolo26x,ultralytics,auto,float32,0.001,,0.5649579167366028,0.7362273335456848,0.6187166571617126,0.4081299901008606,0.6069174408912659,0.7234817743301392,0.747340977191925,14.531824250519275,15.940986085822805,15.629622153937817,19.196788629051298,20.953057052101943,62.73137650432773
rtdetr_r101vd_coco_o365,transformers,auto,float32,0.001,,0.5621207356452942,0.7450695633888245,0.6116694808006287,0.3839569389820099,0.6053873896598816,0.7345762848854065,0.7488729953765869,28.97685243198648,32.881256591714916,32.86753816064447,34.44654206978157,35.01628587953746,30.41246301553967
dfine-xlarge-coco,transformers,auto,float32,0.001,,0.5574964880943298,0.7373335361480713,0.6017176508903503,0.3725862503051758,0.6048390865325928,0.7342743277549744,0.739539384841919,37.13243456869386,40.847465590108186,40.84243508987129,42.451141390483826,42.94948250986636,24.481323028329196
yolov5x6u,ultralytics,auto,float32,0.001,,0.5570293068885803,0.7219714522361755,0.6101164817810059,0.4135335087776184,0.603107750415802,0.6871881484985352,0.7184851169586182,55.36735816649161,56.78143804925494,55.991058237850666,72.21041227458046,80.18120797816664,17.611389115093424
rtdetr_r50vd_coco_o365,transformers,auto,float32,0.001,,0.5524251461029053,0.7337794899940491,0.6002367734909058,0.3801998794078827,0.5987111926078796,0.7160589098930359,0.7442834377288818,20.61321735023521,24.252499698568137,24.079172173514962,25.61373960925266,26.14921498112381,41.23286310396449
dfine-medium-obj2coco,transformers,auto,float32,0.001,,0.5508471131324768,0.725803554058075,0.597131073474884,0.37891310453414917,0.5937119126319885,0.7166958451271057,0.7520362138748169,24.78162385285832,28.43403591355309,28.28534902073443,29.75472321268171,30.083108507096767,35.1691192569448
rf-detr-medium,rf_detr,auto,float32,0.001,,0.5476718544960022,0.7364867329597473,0.592709481716156,0.35976552963256836,0.5983344316482544,0.7366769909858704,0.7236438989639282,15.972120734490455,19.53427193146199,19.432175089605153,20.684183528646827,21.069583324715495,51.19207941348432
yolov5l6u,ultralytics,auto,float32,0.001,,0.5464068651199341,0.7127249240875244,0.5990805625915527,0.403348833322525,0.5952848792076111,0.6793916821479797,0.7095947265625,32.421353698754686,33.836881722370165,33.333497936837375,43.12822537031025,45.93038516817615,29.55355071442302
rtdetr_r101vd,transformers,auto,float32,0.001,,0.5430681705474854,0.7278064489364624,0.5880023837089539,0.3579084873199463,0.5873480439186096,0.7207276225090027,0.7281665205955505,28.934053544467314,32.49929761351086,32.42712316568941,33.93792607821524,34.53447699313983,30.769895764894077
rtdetr_v2_r101vd,transformers,auto,float32,0.001,,0.5430681705474854,0.7278064489364624,0.5880023837089539,0.3579084873199463,0.5873480439186096,0.7207276225090027,0.7281665205955505,29.322852748120205,32.853005308425054,32.795432256534696,34.192241507116705,34.546578756999224,30.438615603411876
yolov9e,ultralytics,auto,float32,0.001,,0.5417011380195618,0.7092525362968445,0.59339439868927,0.3804597854614258,0.5967940092086792,0.7021163105964661,0.6911711096763611,21.60487851467915,23.006528569664805,22.798116551712155,24.996359273791313,26.410991374868917,43.46592303015011
yolo12x,ultralytics,auto,float32,0.001,,0.5413044691085815,0.70494544506073,0.5911365747451782,0.3840634822845459,0.597003698348999,0.6984154582023621,0.6864954233169556,20.5120074308943,21.9128324681893,21.311659482307732,27.578706957865514,30.603108322247866,45.63536007732879
dfine-large-coco,transformers,auto,float32,0.001,,0.5397034883499146,0.7163323163986206,0.583834707736969,0.36494874954223633,0.5801020264625549,0.7185981273651123,0.7303299903869629,30.58148128641769,34.39097487581894,34.346875036135316,36.04814356658608,36.63003760389984,29.077396136947613
yolov10x,ultralytics,auto,float32,0.001,,0.5380923748016357,0.7061847448348999,0.5856265425682068,0.3656582534313202,0.5927688479423523,0.7030076384544373,0.7153179049491882,12.221696623088793,13.623904903559014,13.372912420891225,15.619525499641899,16.98806570377201,73.40039489990619
yolo26l,ultralytics,auto,float32,0.001,,0.5375217199325562,0.7069243788719177,0.5879834890365601,0.3720092177391052,0.5799753069877625,0.6946462988853455,0.7312223315238953,13.707583336811513,15.116950533073396,15.102205914445221,16.464438405819237,16.986151901073754,66.15090773844665
yolo11x,ultralytics,auto,float32,0.001,,0.53639817237854,0.7031235694885254,0.5844607353210449,0.3712266683578491,0.5869445204734802,0.6916494965553284,0.6859138011932373,15.194858246808872,16.600118482345714,16.03762700688094,19.7416105074808,21.267768405377865,60.24053388917095
rtdetr_v2_r50vd,transformers,auto,float32,0.001,,0.533916175365448,0.7155674695968628,0.5744057893753052,0.3604086935520172,0.5784450173377991,0.7075866460800171,0.7254561185836792,21.118111241003497,24.648814314510673,24.568272405304015,25.959636189509183,26.337215155363086,40.5699027645035
rf-detr-base,rf_detr,auto,float32,0.001,,0.5329563021659851,0.7216142416000366,0.5765268802642822,0.35320228338241577,0.5845220685005188,0.7142651081085205,0.7145596742630005,16.966470591630788,20.433562324941157,20.283028832636774,21.593924332410097,21.981742470525205,48.93909266028481
rtdetr_r50vd,transformers,auto,float32,0.001,,0.5305918455123901,0.7121332883834839,0.5767428278923035,0.34718620777130127,0.5771695971488953,0.7008562684059143,0.7215421795845032,20.546231872774662,24.075119762914255,23.882939014583826,25.288118002936244,25.701440810225904,41.53665733951687
yolov8x,ultralytics,auto,float32,0.001,,0.53021240234375,0.6962772011756897,0.5779802203178406,0.34932512044906616,0.5847024917602539,0.6954620480537415,0.6798694133758545,14.048553530499339,15.451479286514223,15.006218920461833,20.073895843233913,22.265974530018866,64.71872248974778
rf-detr-small,rf_detr,auto,float32,0.001,,0.529656171798706,0.7206697463989258,0.572131335735321,0.31762808561325073,0.5842894911766052,0.7299758791923523,0.7032073140144348,12.675309449248015,15.887163644190878,15.798060456290841,16.952741087879986,17.276847723405808,62.94389750090154
yolo12l,ultralytics,auto,float32,0.001,,0.5268173813819885,0.6924527287483215,0.5740983486175537,0.3499014675617218,0.5836910009384155,0.6865636706352234,0.6733911633491516,19.92137824865058,21.32330839592032,21.17920306045562,22.628263069782406,23.395134061574936,46.89703780635302
yolov5m6u,ultralytics,auto,float32,0.001,,0.5263069868087769,0.6941425204277039,0.5770150423049927,0.3646218180656433,0.5730874538421631,0.6569340825080872,0.6954441666603088,20.59050880772993,22.010524041065946,21.434545051306486,28.043906926177446,30.62893774127589,45.43281196459742
rf-detr-base-2,rf_detr,auto,float32,0.001,,0.5261496901512146,0.7144911289215088,0.5702773928642273,0.3396608829498291,0.5776365995407104,0.7054111957550049,0.7136291265487671,17.072278421744706,20.539710413618014,20.415074657648802,21.713349036872387,22.1284021390602,48.686178133114815
yolov10l,ultralytics,auto,float32,0.001,,0.5253534317016602,0.6943263411521912,0.5730074048042297,0.3515242636203766,0.578601062297821,0.6912356615066528,0.7074881196022034,11.473584271967411,12.87689851350151,12.7846694085747,14.06706953421235,14.551971855107697,77.65845160241759
yolov5xu,ultralytics,auto,float32,0.001,,0.5230633020401001,0.6895254254341125,0.5704625844955444,0.3567664325237274,0.5765520930290222,0.6826633214950562,0.6777321100234985,15.18205022374168,16.584838789794595,16.003467375412583,20.72158025112003,22.976360737811778,60.29603378570948
dfine-medium-coco,transformers,auto,float32,0.001,,0.5227160453796387,0.6984294056892395,0.5640549063682556,0.3319863975048065,0.5650447010993958,0.7014167904853821,0.7203317284584045,24.517584976693616,28.054428310599178,27.932444238103926,29.395802097860724,29.763416487257928,35.64499653775487
yolo11l,ultralytics,auto,float32,0.001,,0.5225275158882141,0.6864870190620422,0.5699222087860107,0.35387122631073,0.5794347524642944,0.6844409704208374,0.6752618551254272,14.594604174187406,15.99768786067143,15.909718465991318,17.211880744434893,17.644114412833012,62.50903309961378
yolo26m,ultralytics,auto,float32,0.001,,0.5220937132835388,0.6934478878974915,0.5701993107795715,0.3562973737716675,0.5682397484779358,0.6832419037818909,0.7209756970405579,10.083335909945891,11.49309172378853,11.397661408409476,12.7139289281331,13.38435875019059,87.00878963057336
yolov10b,ultralytics,auto,float32,0.001,,0.5198619365692139,0.6886794567108154,0.5682159066200256,0.34824100136756897,0.573642373085022,0.6794991493225098,0.7010752558708191,9.84017962072976,11.245002832217143,11.142773437313735,12.417553120758384,12.951578297652308,88.92839022992341
yolov8l,ultralytics,auto,float32,0.001,,0.5197879672050476,0.6857826709747314,0.566497266292572,0.3471117913722992,0.5733698606491089,0.6882550716400146,0.6736969947814941,10.268972724396736,11.669356102589518,11.442501563578844,13.444790034554899,14.560140362009406,85.69453114710352
yolov9c,ultralytics,auto,float32,0.001,,0.5186088681221008,0.6840897798538208,0.5661275386810303,0.34417200088500977,0.5698542594909668,0.6811941266059875,0.673742413520813,12.961743870051578,14.36588657349348,14.229030231945217,15.608989621978253,16.52623839210719,69.60934815155102
yolo12m,ultralytics,auto,float32,0.001,,0.5151187181472778,0.6816834807395935,0.5604071021080017,0.3457965552806854,0.5677231550216675,0.6830409169197083,0.6665541529655457,12.799391029542312,14.202247181721031,14.082460547797382,15.395299927331507,16.147962303366516,70.41139245112193
yolov5lu,ultralytics,auto,float32,0.001,,0.5147844552993774,0.6806616187095642,0.5618728399276733,0.335124135017395,0.5715495944023132,0.6798786520957947,0.6677594780921936,10.82451154361479,12.227478521922603,11.936880415305495,13.317566982004791,14.024055309128034,81.78301014449573
dfine-small-obj2coco,transformers,auto,float32,0.001,,0.5069753527641296,0.6763596534729004,0.5508505702018738,0.3287905752658844,0.5459932088851929,0.6645827889442444,0.7221696376800537,19.410214825719596,23.03860780526884,22.93713006656617,24.334735109005123,24.707643827423453,43.40540055425154
yolo11m,ultralytics,auto,float32,0.001,,0.5059376955032349,0.6725265383720398,0.550302267074585,0.3350660502910614,0.5602403283119202,0.663714587688446,0.6611627340316772,10.273772776406258,11.67915718825534,11.553948512300849,12.847743066959083,13.529301162343474,85.62261675916209
yolov10m,ultralytics,auto,float32,0.001,,0.505582869052887,0.6752814054489136,0.5525975823402405,0.3349114954471588,0.5601897835731506,0.6628221273422241,0.6933701634407043,9.473747299192473,10.879745639441534,10.738297016359866,12.007004849147052,12.546623139642179,91.91391353624796
yolov9m,ultralytics,auto,float32,0.001,,0.5050126314163208,0.6711809039115906,0.5499219298362732,0.324521541595459,0.5597838163375854,0.6576698422431946,0.6603618860244751,12.674464057106524,14.079717545351013,13.688594102859497,15.194127918221056,16.18125721113758,71.02415206689926
rtdetr_v2_r34vd,transformers,auto,float32,0.001,,0.49902597069740295,0.6752046942710876,0.5409008264541626,0.320260226726532,0.531620442867279,0.6643655896186829,0.7103419899940491,17.200105737475678,20.723865542560816,20.60424059163779,22.007222787942737,22.48355789342895,48.253546035911576
yolov8m,ultralytics,auto,float32,0.001,,0.4935929775238037,0.6592109799385071,0.5375156998634338,0.3104841411113739,0.5469180941581726,0.6542527675628662,0.6536000370979309,8.314129794249311,9.722135599842295,9.536119643598795,10.996099677868187,11.613977872766554,102.85805929473163
rtdetr_r18vd_coco_o365,transformers,auto,float32,0.001,,0.49008500576019287,0.665240466594696,0.532651424407959,0.3285420835018158,0.521694540977478,0.6475293040275574,0.7093088030815125,13.190921603143215,16.93197358418256,16.818745178170502,18.185088539030403,18.756885386537764,59.059860625708495
rtdetr_r34vd,transformers,auto,float32,0.001,,0.4884629249572754,0.6673257946968079,0.526209831237793,0.30517148971557617,0.5228286981582642,0.6602330803871155,0.6977956295013428,16.752735906140877,20.42002677018754,20.29528992716223,21.680183708667755,22.065487068612132,48.97153227340337
dfine-small-coco,transformers,auto,float32,0.001,,0.48513567447662354,0.6543357968330383,0.5259252786636353,0.2928502857685089,0.5222155451774597,0.6538881063461304,0.6995722055435181,19.318961346847935,22.850012334575876,22.663098410703242,24.08466275082901,24.578195654321465,43.76365252489747
rf-detr-nano,rf_detr,auto,float32,0.001,,0.48409679532051086,0.6754329204559326,0.5178022384643555,0.2525542378425598,0.5365360975265503,0.7123733162879944,0.6530337333679199,10.696782254613936,13.33395066051744,13.251462951302528,14.5600559306331,14.899534021969886,74.99652769535551
yolov5mu,ultralytics,auto,float32,0.001,,0.4815370440483093,0.6467506885528564,0.5279576778411865,0.30155491828918457,0.5307451486587524,0.641055703163147,0.6430851817131042,9.072809973964468,10.475969326682389,10.159566882066429,11.420217482373118,12.135715987533334,95.4565605163611
rtdetr_v2_r18vd,transformers,auto,float32,0.001,,0.48092323541641235,0.650520920753479,0.5208485126495361,0.30166223645210266,0.5120686292648315,0.6415656805038452,0.7005859017372131,13.481361488066614,16.992223959695547,16.871276078745723,18.15303578041494,18.553998332936317,58.85044843876441
yolov5s6u,ultralytics,auto,float32,0.001,,0.4790673851966858,0.6487305760383606,0.525822639465332,0.3117663562297821,0.5255039930343628,0.6029549241065979,0.658946692943573,12.128033325914293,13.543665923690423,13.229178381152451,16.264366218820218,17.154787820763886,73.83525299828989
yolo26s,ultralytics,auto,float32,0.001,,0.4740211069583893,0.6383247375488281,0.5163085460662842,0.294945627450943,0.5196009278297424,0.6400215029716492,0.6799948811531067,9.459315013047307,10.872555319033562,10.735821910202503,12.04679966904223,12.621013107709588,91.97469873980717
yolo12s,ultralytics,auto,float32,0.001,,0.4683528542518616,0.6332796812057495,0.5068849325180054,0.27564796805381775,0.5187462568283081,0.6462152600288391,0.6271569728851318,12.064332037977874,13.470954893575982,13.338255579583347,14.673426514491439,15.355291056912392,74.23378727790703
rtdetr_r18vd,transformers,auto,float32,0.001,,0.46391499042510986,0.6370581984519958,0.5025878548622131,0.2837837338447571,0.4965929687023163,0.6287974715232849,0.6870644092559814,13.319666285067797,16.827755559887738,16.686649527400732,18.041054310742766,18.513441258110106,59.42563144806409
yolov10s,ultralytics,auto,float32,0.001,,0.45911070704460144,0.6265833377838135,0.4998708665370941,0.26463162899017334,0.5058561563491821,0.6299518346786499,0.6538886427879333,7.785120974387974,9.195868725283072,9.095239569433033,10.318604542408139,10.85951189976186,108.74448405843435
yolo11s,ultralytics,auto,float32,0.001,,0.4565628170967102,0.6224772334098816,0.49339187145233154,0.2780390679836273,0.5020274519920349,0.624959409236908,0.6171377897262573,8.606251588324085,10.013007695041598,9.861945873126388,11.114521860145032,11.65412541013211,99.87009202990987
yolov9s,ultralytics,auto,float32,0.001,,0.45605534315109253,0.6147172451019287,0.494812935590744,0.25697290897369385,0.5034265518188477,0.6256386041641235,0.6214656233787537,15.295389240467921,16.70605571004562,16.474531963467598,17.947158333845437,18.85194547707215,59.85853377698746
yolov8s,ultralytics,auto,float32,0.001,,0.44202518463134766,0.6048417687416077,0.47824785113334656,0.253775030374527,0.4902321696281433,0.6025309562683105,0.6108874082565308,6.976376568432897,8.38580722445622,8.279004483483732,9.48204209562391,10.036971662193539,119.24910425839715
dfine-nano-coco,transformers,auto,float32,0.001,,0.427860289812088,0.6026696562767029,0.4543551206588745,0.22876442968845367,0.4676571786403656,0.6212480068206787,0.6346707344055176,17.13506599580869,20.817952618328853,20.670237485319376,22.12138290051371,22.71365463966504,48.03546334905023
yolov5su,ultralytics,auto,float32,0.001,,0.4238361418247223,0.5887491703033447,0.4590855538845062,0.23747602105140686,0.4724048674106598,0.5767884254455566,0.5955089330673218,7.521134233567864,8.925902605894953,8.652067510411143,9.831919090356678,10.432910413946962,112.03348772140622
yolov5n6u,ultralytics,auto,float32,0.001,,0.41456639766693115,0.5750775337219238,0.4582093358039856,0.24923332035541534,0.4561009407043457,0.5327556133270264,0.6124072074890137,11.817848809063435,13.24221346899867,12.985145789571106,14.811273931991309,15.896775238215932,75.51607609566926
yolo26n,ultralytics,auto,float32,0.001,,0.40048834681510925,0.5557712912559509,0.43494588136672974,0.1968020498752594,0.44086265563964844,0.579787015914917,0.6130975484848022,9.300896142516285,10.714429024467245,10.568947996944189,11.821345228236169,12.377106132917106,93.33208495911644
yolo12n,ultralytics,auto,float32,0.001,,0.3984592854976654,0.5527418851852417,0.43050649762153625,0.19466346502304077,0.44211849570274353,0.5724819898605347,0.5630627274513245,11.884484858484939,13.297204433102161,13.16859107464552,14.44475589087233,15.105627733282748,75.2037772323476
yolo11n,ultralytics,auto,float32,0.001,,0.3866317868232727,0.540911853313446,0.4207954406738281,0.1945880800485611,0.4235307276248932,0.5606080293655396,0.5590330958366394,8.555250357277691,9.968911143671722,9.794701007194817,11.059957486577332,11.761342717800296,100.31185809443205
yolov10n,ultralytics,auto,float32,0.001,,0.3821960687637329,0.5326874256134033,0.41457754373550415,0.1886577308177948,0.4199606776237488,0.5465475916862488,0.6021228432655334,7.645530352275818,9.05944674545899,8.955102995969355,10.220429627224803,10.726874459069226,110.38201648475342
yolov9t,ultralytics,auto,float32,0.001,,0.372937947511673,0.5179089903831482,0.4018308222293854,0.17293177545070648,0.41069352626800537,0.5304250121116638,0.5561639666557312,14.601987556135281,16.017618701886384,15.742705087177455,17.15789436129853,18.02130953408779,62.43125264819986
yolov8n,ultralytics,auto,float32,0.001,,0.3668963313102722,0.517092227935791,0.3987955152988434,0.1785711944103241,0.405467689037323,0.5195155739784241,0.5506041049957275,6.887573045864701,8.29748452519998,8.18693044129759,9.428870060946792,10.001088362187149,120.51845314841353
yolov5nu,ultralytics,auto,float32,0.001,,0.33803486824035645,0.48883646726608276,0.3674907088279724,0.15504975616931915,0.37538376450538635,0.47794821858406067,0.532418966293335,7.472447063634172,8.88133231154643,8.52604303508997,9.723116713576019,10.296763528604076,112.59571930440227
